{"cameraMode":{"drawMode":0,"name":"Shaded","section":"Shading Mode"},"sceneLighting":true,"audioPlay":false,"sceneViewState":{"m_AlwaysRefresh":false,"showFog":true,"showSkybox":true,"showFlares":true,"showImageEffects":true,"showParticleSystems":true,"showVisualEffectGraphs":true,"m_FxEnabled":true},"in2DMode":false,"pivot":{"x":1.813183069229126,"y":3.313013792037964,"z":-4.275158405303955},"rotation":{"x":-0.14285890758037568,"y":-0.02582213096320629,"z":0.0037278463132679464,"w":-0.9894037842750549},"size":0.986972451210022,"orthographic":false}