{"cameraMode":{"drawMode":0,"name":"Shaded","section":"Shading Mode"},"sceneLighting":true,"audioPlay":false,"sceneViewState":{"m_AlwaysRefresh":false,"showFog":true,"showSkybox":true,"showFlares":true,"showImageEffects":true,"showParticleSystems":true,"showVisualEffectGraphs":true,"m_FxEnabled":true},"in2DMode":false,"pivot":{"x":4.669639587402344,"y":1.3561567068099976,"z":-0.44379252195358279},"rotation":{"x":-0.058725371956825259,"y":-0.041319191455841067,"z":0.002433298621326685,"w":-0.997420072555542},"size":2.5226244926452638,"orthographic":false}